year,value,iso3,indicator description,indicator code
2021,0.0,ALB,The amount of drugs seized in kilograms multiplied by the drug price in kilograms. Excludes all seizures not measured in grams or kilograms.,Monetary losses (in USD) to drug sales
2022,0.0,ALB,The amount of drugs seized in kilograms multiplied by the drug price in kilograms. Excludes all seizures not measured in grams or kilograms.,Monetary losses (in USD) to drug sales
2020,162092689.83995202,DZA,The amount of drugs seized in kilograms multiplied by the drug price in kilograms. Excludes all seizures not measured in grams or kilograms.,Monetary losses (in USD) to drug sales
2021,688363149.27587,DZA,The amount of drugs seized in kilograms multiplied by the drug price in kilograms. Excludes all seizures not measured in grams or kilograms.,Monetary losses (in USD) to drug sales
2022,717287379.0571406,DZA,The amount of drugs seized in kilograms multiplied by the drug price in kilograms. Excludes all seizures not measured in grams or kilograms.,Monetary losses (in USD) to drug sales
2020,0.0,AND,The amount of drugs seized in kilograms multiplied by the drug price in kilograms. Excludes all seizures not measured in grams or kilograms.,Monetary losses (in USD) to drug sales
2022,42955.74288724974,AND,The amount of drugs seized in kilograms multiplied by the drug price in kilograms. Excludes all seizures not measured in grams or kilograms.,Monetary losses (in USD) to drug sales
2020,3168834.430813731,ARM,The amount of drugs seized in kilograms multiplied by the drug price in kilograms. Excludes all seizures not measured in grams or kilograms.,Monetary losses (in USD) to drug sales
2021,14491413.605688574,ARM,The amount of drugs seized in kilograms multiplied by the drug price in kilograms. Excludes all seizures not measured in grams or kilograms.,Monetary losses (in USD) to drug sales
2022,3516702.970777309,ARM,The amount of drugs seized in kilograms multiplied by the drug price in kilograms. Excludes all seizures not measured in grams or kilograms.,Monetary losses (in USD) to drug sales
2020,403766304.93093926,AUS,The amount of drugs seized in kilograms multiplied by the drug price in kilograms. Excludes all seizures not measured in grams or kilograms.,Monetary losses (in USD) to drug sales
2021,215852114.9736644,AUS,The amount of drugs seized in kilograms multiplied by the drug price in kilograms. Excludes all seizures not measured in grams or kilograms.,Monetary losses (in USD) to drug sales
2022,121189.1515994437,AUS,The amount of drugs seized in kilograms multiplied by the drug price in kilograms. Excludes all seizures not measured in grams or kilograms.,Monetary losses (in USD) to drug sales
2020,55900054.08180778,AUT,The amount of drugs seized in kilograms multiplied by the drug price in kilograms. Excludes all seizures not measured in grams or kilograms.,Monetary losses (in USD) to drug sales
2021,55651599.93772242,AUT,The amount of drugs seized in kilograms multiplied by the drug price in kilograms. Excludes all seizures not measured in grams or kilograms.,Monetary losses (in USD) to drug sales
2022,35965691.082718655,AUT,The amount of drugs seized in kilograms multiplied by the drug price in kilograms. Excludes all seizures not measured in grams or kilograms.,Monetary losses (in USD) to drug sales
2020,0.0,AZE,The amount of drugs seized in kilograms multiplied by the drug price in kilograms. Excludes all seizures not measured in grams or kilograms.,Monetary losses (in USD) to drug sales
2021,0.0,AZE,The amount of drugs seized in kilograms multiplied by the drug price in kilograms. Excludes all seizures not measured in grams or kilograms.,Monetary losses (in USD) to drug sales
2022,0.0,AZE,The amount of drugs seized in kilograms multiplied by the drug price in kilograms. Excludes all seizures not measured in grams or kilograms.,Monetary losses (in USD) to drug sales
2020,283213006.444,BGD,The amount of drugs seized in kilograms multiplied by the drug price in kilograms. Excludes all seizures not measured in grams or kilograms.,Monetary losses (in USD) to drug sales
2021,646935038.145,BGD,The amount of drugs seized in kilograms multiplied by the drug price in kilograms. Excludes all seizures not measured in grams or kilograms.,Monetary losses (in USD) to drug sales
2020,3172931.4670174015,BLR,The amount of drugs seized in kilograms multiplied by the drug price in kilograms. Excludes all seizures not measured in grams or kilograms.,Monetary losses (in USD) to drug sales
2021,1226320.0,BLR,The amount of drugs seized in kilograms multiplied by the drug price in kilograms. Excludes all seizures not measured in grams or kilograms.,Monetary losses (in USD) to drug sales
2022,6331260.28,BLR,The amount of drugs seized in kilograms multiplied by the drug price in kilograms. Excludes all seizures not measured in grams or kilograms.,Monetary losses (in USD) to drug sales
2020,252070745.2402746,BEL,The amount of drugs seized in kilograms multiplied by the drug price in kilograms. Excludes all seizures not measured in grams or kilograms.,Monetary losses (in USD) to drug sales
2021,278018877.4104389,BEL,The amount of drugs seized in kilograms multiplied by the drug price in kilograms. Excludes all seizures not measured in grams or kilograms.,Monetary losses (in USD) to drug sales
2022,10144570565.334038,BEL,The amount of drugs seized in kilograms multiplied by the drug price in kilograms. Excludes all seizures not measured in grams or kilograms.,Monetary losses (in USD) to drug sales
2020,15972500.0,BOL,The amount of drugs seized in kilograms multiplied by the drug price in kilograms. Excludes all seizures not measured in grams or kilograms.,Monetary losses (in USD) to drug sales
2021,86720615.86468358,BOL,The amount of drugs seized in kilograms multiplied by the drug price in kilograms. Excludes all seizures not measured in grams or kilograms.,Monetary losses (in USD) to drug sales
2022,107450200.0,BOL,The amount of drugs seized in kilograms multiplied by the drug price in kilograms. Excludes all seizures not measured in grams or kilograms.,Monetary losses (in USD) to drug sales
2021,1487419.7959667852,BIH,The amount of drugs seized in kilograms multiplied by the drug price in kilograms. Excludes all seizures not measured in grams or kilograms.,Monetary losses (in USD) to drug sales
2022,6710.923603793467,BIH,The amount of drugs seized in kilograms multiplied by the drug price in kilograms. Excludes all seizures not measured in grams or kilograms.,Monetary losses (in USD) to drug sales
2022,601077871.1171137,BRA,The amount of drugs seized in kilograms multiplied by the drug price in kilograms. Excludes all seizures not measured in grams or kilograms.,Monetary losses (in USD) to drug sales
2021,942.026825633383,BRN,The amount of drugs seized in kilograms multiplied by the drug price in kilograms. Excludes all seizures not measured in grams or kilograms.,Monetary losses (in USD) to drug sales
2022,12999.419869470628,BRN,The amount of drugs seized in kilograms multiplied by the drug price in kilograms. Excludes all seizures not measured in grams or kilograms.,Monetary losses (in USD) to drug sales
2020,6529341.334894612,BGR,The amount of drugs seized in kilograms multiplied by the drug price in kilograms. Excludes all seizures not measured in grams or kilograms.,Monetary losses (in USD) to drug sales
2021,51854997.40716019,BGR,The amount of drugs seized in kilograms multiplied by the drug price in kilograms. Excludes all seizures not measured in grams or kilograms.,Monetary losses (in USD) to drug sales
2022,184185759.69827583,BGR,The amount of drugs seized in kilograms multiplied by the drug price in kilograms. Excludes all seizures not measured in grams or kilograms.,Monetary losses (in USD) to drug sales
2020,786986333.3333333,CHN,The amount of drugs seized in kilograms multiplied by the drug price in kilograms. Excludes all seizures not measured in grams or kilograms.,Monetary losses (in USD) to drug sales
2021,508745617.8383399,CHN,The amount of drugs seized in kilograms multiplied by the drug price in kilograms. Excludes all seizures not measured in grams or kilograms.,Monetary losses (in USD) to drug sales
2022,406158251.41495377,CHN,The amount of drugs seized in kilograms multiplied by the drug price in kilograms. Excludes all seizures not measured in grams or kilograms.,Monetary losses (in USD) to drug sales
2020,183126192.0845688,CHN,The amount of drugs seized in kilograms multiplied by the drug price in kilograms. Excludes all seizures not measured in grams or kilograms.,Monetary losses (in USD) to drug sales
2021,1526322829.7387722,CHN,The amount of drugs seized in kilograms multiplied by the drug price in kilograms. Excludes all seizures not measured in grams or kilograms.,Monetary losses (in USD) to drug sales
2022,629026059.6347848,CHN,The amount of drugs seized in kilograms multiplied by the drug price in kilograms. Excludes all seizures not measured in grams or kilograms.,Monetary losses (in USD) to drug sales
2020,0.0,MAC,The amount of drugs seized in kilograms multiplied by the drug price in kilograms. Excludes all seizures not measured in grams or kilograms.,Monetary losses (in USD) to drug sales
2021,0.0,MAC,The amount of drugs seized in kilograms multiplied by the drug price in kilograms. Excludes all seizures not measured in grams or kilograms.,Monetary losses (in USD) to drug sales
2022,0.0,MAC,The amount of drugs seized in kilograms multiplied by the drug price in kilograms. Excludes all seizures not measured in grams or kilograms.,Monetary losses (in USD) to drug sales
2020,643712728.0132529,COL,The amount of drugs seized in kilograms multiplied by the drug price in kilograms. Excludes all seizures not measured in grams or kilograms.,Monetary losses (in USD) to drug sales
2021,860068097.6542165,COL,The amount of drugs seized in kilograms multiplied by the drug price in kilograms. Excludes all seizures not measured in grams or kilograms.,Monetary losses (in USD) to drug sales
2020,12552300.0,CRI,The amount of drugs seized in kilograms multiplied by the drug price in kilograms. Excludes all seizures not measured in grams or kilograms.,Monetary losses (in USD) to drug sales
2021,646975925.5053374,CRI,The amount of drugs seized in kilograms multiplied by the drug price in kilograms. Excludes all seizures not measured in grams or kilograms.,Monetary losses (in USD) to drug sales
2022,34524977.06251395,CRI,The amount of drugs seized in kilograms multiplied by the drug price in kilograms. Excludes all seizures not measured in grams or kilograms.,Monetary losses (in USD) to drug sales
2020,18995407.597254004,HRV,The amount of drugs seized in kilograms multiplied by the drug price in kilograms. Excludes all seizures not measured in grams or kilograms.,Monetary losses (in USD) to drug sales
2021,103438391.45907474,HRV,The amount of drugs seized in kilograms multiplied by the drug price in kilograms. Excludes all seizures not measured in grams or kilograms.,Monetary losses (in USD) to drug sales
2022,0.0,HRV,The amount of drugs seized in kilograms multiplied by the drug price in kilograms. Excludes all seizures not measured in grams or kilograms.,Monetary losses (in USD) to drug sales
2019,10510526.315789472,CYP,The amount of drugs seized in kilograms multiplied by the drug price in kilograms. Excludes all seizures not measured in grams or kilograms.,Monetary losses (in USD) to drug sales
2020,4856178.489702517,CYP,The amount of drugs seized in kilograms multiplied by the drug price in kilograms. Excludes all seizures not measured in grams or kilograms.,Monetary losses (in USD) to drug sales
2021,6232170.818505338,CYP,The amount of drugs seized in kilograms multiplied by the drug price in kilograms. Excludes all seizures not measured in grams or kilograms.,Monetary losses (in USD) to drug sales
2020,5621824.942791762,CZE,The amount of drugs seized in kilograms multiplied by the drug price in kilograms. Excludes all seizures not measured in grams or kilograms.,Monetary losses (in USD) to drug sales
2021,29392028.46975089,CZE,The amount of drugs seized in kilograms multiplied by the drug price in kilograms. Excludes all seizures not measured in grams or kilograms.,Monetary losses (in USD) to drug sales
2022,110604665.43730243,CZE,The amount of drugs seized in kilograms multiplied by the drug price in kilograms. Excludes all seizures not measured in grams or kilograms.,Monetary losses (in USD) to drug sales
2020,155214723.03206995,DNK,The amount of drugs seized in kilograms multiplied by the drug price in kilograms. Excludes all seizures not measured in grams or kilograms.,Monetary losses (in USD) to drug sales
2021,111801150.65243179,DNK,The amount of drugs seized in kilograms multiplied by the drug price in kilograms. Excludes all seizures not measured in grams or kilograms.,Monetary losses (in USD) to drug sales
2020,106961351.8022255,DOM,The amount of drugs seized in kilograms multiplied by the drug price in kilograms. Excludes all seizures not measured in grams or kilograms.,Monetary losses (in USD) to drug sales
2020,777143791.0,ECU,The amount of drugs seized in kilograms multiplied by the drug price in kilograms. Excludes all seizures not measured in grams or kilograms.,Monetary losses (in USD) to drug sales
2021,3281978156.71761,ECU,The amount of drugs seized in kilograms multiplied by the drug price in kilograms. Excludes all seizures not measured in grams or kilograms.,Monetary losses (in USD) to drug sales
2020,0.0,EGY,The amount of drugs seized in kilograms multiplied by the drug price in kilograms. Excludes all seizures not measured in grams or kilograms.,Monetary losses (in USD) to drug sales
2021,0.0,EGY,The amount of drugs seized in kilograms multiplied by the drug price in kilograms. Excludes all seizures not measured in grams or kilograms.,Monetary losses (in USD) to drug sales
2022,0.0,EGY,The amount of drugs seized in kilograms multiplied by the drug price in kilograms. Excludes all seizures not measured in grams or kilograms.,Monetary losses (in USD) to drug sales
2020,71169355.856,SLV,The amount of drugs seized in kilograms multiplied by the drug price in kilograms. Excludes all seizures not measured in grams or kilograms.,Monetary losses (in USD) to drug sales
2021,359874018.2424,SLV,The amount of drugs seized in kilograms multiplied by the drug price in kilograms. Excludes all seizures not measured in grams or kilograms.,Monetary losses (in USD) to drug sales
2022,471597054.0,SLV,The amount of drugs seized in kilograms multiplied by the drug price in kilograms. Excludes all seizures not measured in grams or kilograms.,Monetary losses (in USD) to drug sales
2020,80078356.97940503,EST,The amount of drugs seized in kilograms multiplied by the drug price in kilograms. Excludes all seizures not measured in grams or kilograms.,Monetary losses (in USD) to drug sales
2021,8438950.177935943,EST,The amount of drugs seized in kilograms multiplied by the drug price in kilograms. Excludes all seizures not measured in grams or kilograms.,Monetary losses (in USD) to drug sales
2022,558397226.5542676,EST,The amount of drugs seized in kilograms multiplied by the drug price in kilograms. Excludes all seizures not measured in grams or kilograms.,Monetary losses (in USD) to drug sales
2020,20297631.57894737,FIN,The amount of drugs seized in kilograms multiplied by the drug price in kilograms. Excludes all seizures not measured in grams or kilograms.,Monetary losses (in USD) to drug sales
2021,27019572.953736655,FIN,The amount of drugs seized in kilograms multiplied by the drug price in kilograms. Excludes all seizures not measured in grams or kilograms.,Monetary losses (in USD) to drug sales
2022,30830769.230769232,FIN,The amount of drugs seized in kilograms multiplied by the drug price in kilograms. Excludes all seizures not measured in grams or kilograms.,Monetary losses (in USD) to drug sales
2020,1610447482.8375287,FRA,The amount of drugs seized in kilograms multiplied by the drug price in kilograms. Excludes all seizures not measured in grams or kilograms.,Monetary losses (in USD) to drug sales
2021,4789571767.497034,FRA,The amount of drugs seized in kilograms multiplied by the drug price in kilograms. Excludes all seizures not measured in grams or kilograms.,Monetary losses (in USD) to drug sales
2022,4539515279.241306,FRA,The amount of drugs seized in kilograms multiplied by the drug price in kilograms. Excludes all seizures not measured in grams or kilograms.,Monetary losses (in USD) to drug sales
2022,23438940.530506052,GMB,The amount of drugs seized in kilograms multiplied by the drug price in kilograms. Excludes all seizures not measured in grams or kilograms.,Monetary losses (in USD) to drug sales
2022,8969945.1,GEO,The amount of drugs seized in kilograms multiplied by the drug price in kilograms. Excludes all seizures not measured in grams or kilograms.,Monetary losses (in USD) to drug sales
2020,49804565.21739131,DEU,The amount of drugs seized in kilograms multiplied by the drug price in kilograms. Excludes all seizures not measured in grams or kilograms.,Monetary losses (in USD) to drug sales
2021,3093586002.372479,DEU,The amount of drugs seized in kilograms multiplied by the drug price in kilograms. Excludes all seizures not measured in grams or kilograms.,Monetary losses (in USD) to drug sales
2022,2841163948.3667016,DEU,The amount of drugs seized in kilograms multiplied by the drug price in kilograms. Excludes all seizures not measured in grams or kilograms.,Monetary losses (in USD) to drug sales
2020,1879069.8000701508,GHA,The amount of drugs seized in kilograms multiplied by the drug price in kilograms. Excludes all seizures not measured in grams or kilograms.,Monetary losses (in USD) to drug sales
2021,2457328.388746803,GHA,The amount of drugs seized in kilograms multiplied by the drug price in kilograms. Excludes all seizures not measured in grams or kilograms.,Monetary losses (in USD) to drug sales
2022,285986.1,GHA,The amount of drugs seized in kilograms multiplied by the drug price in kilograms. Excludes all seizures not measured in grams or kilograms.,Monetary losses (in USD) to drug sales
2021,63449367.26272353,GIB,The amount of drugs seized in kilograms multiplied by the drug price in kilograms. Excludes all seizures not measured in grams or kilograms.,Monetary losses (in USD) to drug sales
2020,585162427.3455378,GRC,The amount of drugs seized in kilograms multiplied by the drug price in kilograms. Excludes all seizures not measured in grams or kilograms.,Monetary losses (in USD) to drug sales
2021,521889767.49703443,GRC,The amount of drugs seized in kilograms multiplied by the drug price in kilograms. Excludes all seizures not measured in grams or kilograms.,Monetary losses (in USD) to drug sales
2022,255910724.4467861,GRC,The amount of drugs seized in kilograms multiplied by the drug price in kilograms. Excludes all seizures not measured in grams or kilograms.,Monetary losses (in USD) to drug sales
2020,363854846.8200663,GTM,The amount of drugs seized in kilograms multiplied by the drug price in kilograms. Excludes all seizures not measured in grams or kilograms.,Monetary losses (in USD) to drug sales
2021,294111194.3479518,GTM,The amount of drugs seized in kilograms multiplied by the drug price in kilograms. Excludes all seizures not measured in grams or kilograms.,Monetary losses (in USD) to drug sales
2020,42768783.90490516,HND,The amount of drugs seized in kilograms multiplied by the drug price in kilograms. Excludes all seizures not measured in grams or kilograms.,Monetary losses (in USD) to drug sales
2021,220871608.89228323,HND,The amount of drugs seized in kilograms multiplied by the drug price in kilograms. Excludes all seizures not measured in grams or kilograms.,Monetary losses (in USD) to drug sales
2022,85663682.27307692,HND,The amount of drugs seized in kilograms multiplied by the drug price in kilograms. Excludes all seizures not measured in grams or kilograms.,Monetary losses (in USD) to drug sales
2019,3136655.036694567,HUN,The amount of drugs seized in kilograms multiplied by the drug price in kilograms. Excludes all seizures not measured in grams or kilograms.,Monetary losses (in USD) to drug sales
2021,14060179.460560337,HUN,The amount of drugs seized in kilograms multiplied by the drug price in kilograms. Excludes all seizures not measured in grams or kilograms.,Monetary losses (in USD) to drug sales
2022,21048666.014280796,HUN,The amount of drugs seized in kilograms multiplied by the drug price in kilograms. Excludes all seizures not measured in grams or kilograms.,Monetary losses (in USD) to drug sales
2020,945549723.3841587,IND,The amount of drugs seized in kilograms multiplied by the drug price in kilograms. Excludes all seizures not measured in grams or kilograms.,Monetary losses (in USD) to drug sales
2021,1712980974.465373,IND,The amount of drugs seized in kilograms multiplied by the drug price in kilograms. Excludes all seizures not measured in grams or kilograms.,Monetary losses (in USD) to drug sales
2022,2131401744.9424732,IND,The amount of drugs seized in kilograms multiplied by the drug price in kilograms. Excludes all seizures not measured in grams or kilograms.,Monetary losses (in USD) to drug sales
2020,193009473.96527824,IDN,The amount of drugs seized in kilograms multiplied by the drug price in kilograms. Excludes all seizures not measured in grams or kilograms.,Monetary losses (in USD) to drug sales
2021,0.0,IDN,The amount of drugs seized in kilograms multiplied by the drug price in kilograms. Excludes all seizures not measured in grams or kilograms.,Monetary losses (in USD) to drug sales
2020,88.00321991249481,IRQ,The amount of drugs seized in kilograms multiplied by the drug price in kilograms. Excludes all seizures not measured in grams or kilograms.,Monetary losses (in USD) to drug sales
2021,5151.962108149656,IRQ,The amount of drugs seized in kilograms multiplied by the drug price in kilograms. Excludes all seizures not measured in grams or kilograms.,Monetary losses (in USD) to drug sales
2022,2454.476696605307,IRQ,The amount of drugs seized in kilograms multiplied by the drug price in kilograms. Excludes all seizures not measured in grams or kilograms.,Monetary losses (in USD) to drug sales
2020,30266590.389016017,IRL,The amount of drugs seized in kilograms multiplied by the drug price in kilograms. Excludes all seizures not measured in grams or kilograms.,Monetary losses (in USD) to drug sales
2021,50916475.741399765,IRL,The amount of drugs seized in kilograms multiplied by the drug price in kilograms. Excludes all seizures not measured in grams or kilograms.,Monetary losses (in USD) to drug sales
2022,62222550.05268705,IRL,The amount of drugs seized in kilograms multiplied by the drug price in kilograms. Excludes all seizures not measured in grams or kilograms.,Monetary losses (in USD) to drug sales
2020,570572764.465225,ISR,The amount of drugs seized in kilograms multiplied by the drug price in kilograms. Excludes all seizures not measured in grams or kilograms.,Monetary losses (in USD) to drug sales
2021,9122915.379864113,ISR,The amount of drugs seized in kilograms multiplied by the drug price in kilograms. Excludes all seizures not measured in grams or kilograms.,Monetary losses (in USD) to drug sales
2020,2553656912.0820594,ITA,The amount of drugs seized in kilograms multiplied by the drug price in kilograms. Excludes all seizures not measured in grams or kilograms.,Monetary losses (in USD) to drug sales
2021,0.0,ITA,The amount of drugs seized in kilograms multiplied by the drug price in kilograms. Excludes all seizures not measured in grams or kilograms.,Monetary losses (in USD) to drug sales
2022,0.0,ITA,The amount of drugs seized in kilograms multiplied by the drug price in kilograms. Excludes all seizures not measured in grams or kilograms.,Monetary losses (in USD) to drug sales
2020,17197290.67047451,JPN,The amount of drugs seized in kilograms multiplied by the drug price in kilograms. Excludes all seizures not measured in grams or kilograms.,Monetary losses (in USD) to drug sales
2021,294348.671419313,JPN,The amount of drugs seized in kilograms multiplied by the drug price in kilograms. Excludes all seizures not measured in grams or kilograms.,Monetary losses (in USD) to drug sales
2022,13153636.752104083,JPN,The amount of drugs seized in kilograms multiplied by the drug price in kilograms. Excludes all seizures not measured in grams or kilograms.,Monetary losses (in USD) to drug sales
2020,0.0,KAZ,The amount of drugs seized in kilograms multiplied by the drug price in kilograms. Excludes all seizures not measured in grams or kilograms.,Monetary losses (in USD) to drug sales
2021,0.0,KAZ,The amount of drugs seized in kilograms multiplied by the drug price in kilograms. Excludes all seizures not measured in grams or kilograms.,Monetary losses (in USD) to drug sales
2020,4748028.539241457,KEN,The amount of drugs seized in kilograms multiplied by the drug price in kilograms. Excludes all seizures not measured in grams or kilograms.,Monetary losses (in USD) to drug sales
2021,5379530.020382236,KEN,The amount of drugs seized in kilograms multiplied by the drug price in kilograms. Excludes all seizures not measured in grams or kilograms.,Monetary losses (in USD) to drug sales
2022,4050039.570090117,KEN,The amount of drugs seized in kilograms multiplied by the drug price in kilograms. Excludes all seizures not measured in grams or kilograms.,Monetary losses (in USD) to drug sales
2020,0.0,KGZ,The amount of drugs seized in kilograms multiplied by the drug price in kilograms. Excludes all seizures not measured in grams or kilograms.,Monetary losses (in USD) to drug sales
2021,0.0,KGZ,The amount of drugs seized in kilograms multiplied by the drug price in kilograms. Excludes all seizures not measured in grams or kilograms.,Monetary losses (in USD) to drug sales
2022,11548058.100000001,KGZ,The amount of drugs seized in kilograms multiplied by the drug price in kilograms. Excludes all seizures not measured in grams or kilograms.,Monetary losses (in USD) to drug sales
2020,13531608.695652176,LVA,The amount of drugs seized in kilograms multiplied by the drug price in kilograms. Excludes all seizures not measured in grams or kilograms.,Monetary losses (in USD) to drug sales
2021,26976156.583629895,LVA,The amount of drugs seized in kilograms multiplied by the drug price in kilograms. Excludes all seizures not measured in grams or kilograms.,Monetary losses (in USD) to drug sales
2022,583744889.3572181,LVA,The amount of drugs seized in kilograms multiplied by the drug price in kilograms. Excludes all seizures not measured in grams or kilograms.,Monetary losses (in USD) to drug sales
2021,12001762.247326203,LBY,The amount of drugs seized in kilograms multiplied by the drug price in kilograms. Excludes all seizures not measured in grams or kilograms.,Monetary losses (in USD) to drug sales
2020,895354.6910755149,LTU,The amount of drugs seized in kilograms multiplied by the drug price in kilograms. Excludes all seizures not measured in grams or kilograms.,Monetary losses (in USD) to drug sales
2021,0.0,LTU,The amount of drugs seized in kilograms multiplied by the drug price in kilograms. Excludes all seizures not measured in grams or kilograms.,Monetary losses (in USD) to drug sales
2022,7969104.320337198,LTU,The amount of drugs seized in kilograms multiplied by the drug price in kilograms. Excludes all seizures not measured in grams or kilograms.,Monetary losses (in USD) to drug sales
2020,1039829.1762013731,LUX,The amount of drugs seized in kilograms multiplied by the drug price in kilograms. Excludes all seizures not measured in grams or kilograms.,Monetary losses (in USD) to drug sales
2021,295222.47325029655,LUX,The amount of drugs seized in kilograms multiplied by the drug price in kilograms. Excludes all seizures not measured in grams or kilograms.,Monetary losses (in USD) to drug sales
2022,176623.97759747104,LUX,The amount of drugs seized in kilograms multiplied by the drug price in kilograms. Excludes all seizures not measured in grams or kilograms.,Monetary losses (in USD) to drug sales
2020,0.0,MYS,The amount of drugs seized in kilograms multiplied by the drug price in kilograms. Excludes all seizures not measured in grams or kilograms.,Monetary losses (in USD) to drug sales
2021,54626128.14313346,MYS,The amount of drugs seized in kilograms multiplied by the drug price in kilograms. Excludes all seizures not measured in grams or kilograms.,Monetary losses (in USD) to drug sales
2022,61011763.03209652,MYS,The amount of drugs seized in kilograms multiplied by the drug price in kilograms. Excludes all seizures not measured in grams or kilograms.,Monetary losses (in USD) to drug sales
2022,5161977.362199982,MLI,The amount of drugs seized in kilograms multiplied by the drug price in kilograms. Excludes all seizures not measured in grams or kilograms.,Monetary losses (in USD) to drug sales
2022,318993514.2255006,MLT,The amount of drugs seized in kilograms multiplied by the drug price in kilograms. Excludes all seizures not measured in grams or kilograms.,Monetary losses (in USD) to drug sales
2020,0.0,MUS,The amount of drugs seized in kilograms multiplied by the drug price in kilograms. Excludes all seizures not measured in grams or kilograms.,Monetary losses (in USD) to drug sales
2022,26678886.208632763,MUS,The amount of drugs seized in kilograms multiplied by the drug price in kilograms. Excludes all seizures not measured in grams or kilograms.,Monetary losses (in USD) to drug sales
2021,1982215125.5660522,MEX,The amount of drugs seized in kilograms multiplied by the drug price in kilograms. Excludes all seizures not measured in grams or kilograms.,Monetary losses (in USD) to drug sales
2022,352404.0263013361,MNG,The amount of drugs seized in kilograms multiplied by the drug price in kilograms. Excludes all seizures not measured in grams or kilograms.,Monetary losses (in USD) to drug sales
2020,4618846.922196797,MNE,The amount of drugs seized in kilograms multiplied by the drug price in kilograms. Excludes all seizures not measured in grams or kilograms.,Monetary losses (in USD) to drug sales
2021,137014377.73428234,MNE,The amount of drugs seized in kilograms multiplied by the drug price in kilograms. Excludes all seizures not measured in grams or kilograms.,Monetary losses (in USD) to drug sales
2022,18095260.86406744,MNE,The amount of drugs seized in kilograms multiplied by the drug price in kilograms. Excludes all seizures not measured in grams or kilograms.,Monetary losses (in USD) to drug sales
2020,0.0,MAR,The amount of drugs seized in kilograms multiplied by the drug price in kilograms. Excludes all seizures not measured in grams or kilograms.,Monetary losses (in USD) to drug sales
2021,1562964827.2514226,MAR,The amount of drugs seized in kilograms multiplied by the drug price in kilograms. Excludes all seizures not measured in grams or kilograms.,Monetary losses (in USD) to drug sales
2022,746889444.9846975,MAR,The amount of drugs seized in kilograms multiplied by the drug price in kilograms. Excludes all seizures not measured in grams or kilograms.,Monetary losses (in USD) to drug sales
2020,94642725.72392172,MMR,The amount of drugs seized in kilograms multiplied by the drug price in kilograms. Excludes all seizures not measured in grams or kilograms.,Monetary losses (in USD) to drug sales
2021,108036336.89415985,MMR,The amount of drugs seized in kilograms multiplied by the drug price in kilograms. Excludes all seizures not measured in grams or kilograms.,Monetary losses (in USD) to drug sales
2022,25310432.92437024,MMR,The amount of drugs seized in kilograms multiplied by the drug price in kilograms. Excludes all seizures not measured in grams or kilograms.,Monetary losses (in USD) to drug sales
2022,2385.7858752,NAM,The amount of drugs seized in kilograms multiplied by the drug price in kilograms. Excludes all seizures not measured in grams or kilograms.,Monetary losses (in USD) to drug sales
2021,12582538.552787663,NLD,The amount of drugs seized in kilograms multiplied by the drug price in kilograms. Excludes all seizures not measured in grams or kilograms.,Monetary losses (in USD) to drug sales
2022,2860418788.1981034,NLD,The amount of drugs seized in kilograms multiplied by the drug price in kilograms. Excludes all seizures not measured in grams or kilograms.,Monetary losses (in USD) to drug sales
2020,13435532.464146022,NZL,The amount of drugs seized in kilograms multiplied by the drug price in kilograms. Excludes all seizures not measured in grams or kilograms.,Monetary losses (in USD) to drug sales
2021,17365131.112686038,NZL,The amount of drugs seized in kilograms multiplied by the drug price in kilograms. Excludes all seizures not measured in grams or kilograms.,Monetary losses (in USD) to drug sales
2022,12588391.608391609,NZL,The amount of drugs seized in kilograms multiplied by the drug price in kilograms. Excludes all seizures not measured in grams or kilograms.,Monetary losses (in USD) to drug sales
2020,2335763.4101234856,NIC,The amount of drugs seized in kilograms multiplied by the drug price in kilograms. Excludes all seizures not measured in grams or kilograms.,Monetary losses (in USD) to drug sales
2020,339084.3910178179,NER,The amount of drugs seized in kilograms multiplied by the drug price in kilograms. Excludes all seizures not measured in grams or kilograms.,Monetary losses (in USD) to drug sales
2021,0.0,NER,The amount of drugs seized in kilograms multiplied by the drug price in kilograms. Excludes all seizures not measured in grams or kilograms.,Monetary losses (in USD) to drug sales
2022,0.0,MKD,The amount of drugs seized in kilograms multiplied by the drug price in kilograms. Excludes all seizures not measured in grams or kilograms.,Monetary losses (in USD) to drug sales
2020,0.0,OMN,The amount of drugs seized in kilograms multiplied by the drug price in kilograms. Excludes all seizures not measured in grams or kilograms.,Monetary losses (in USD) to drug sales
2020,199917172.93410057,PAK,The amount of drugs seized in kilograms multiplied by the drug price in kilograms. Excludes all seizures not measured in grams or kilograms.,Monetary losses (in USD) to drug sales
2021,69263638.72085978,PAK,The amount of drugs seized in kilograms multiplied by the drug price in kilograms. Excludes all seizures not measured in grams or kilograms.,Monetary losses (in USD) to drug sales
2022,63869939.36576367,PAK,The amount of drugs seized in kilograms multiplied by the drug price in kilograms. Excludes all seizures not measured in grams or kilograms.,Monetary losses (in USD) to drug sales
2019,1413600000.0,PAN,The amount of drugs seized in kilograms multiplied by the drug price in kilograms. Excludes all seizures not measured in grams or kilograms.,Monetary losses (in USD) to drug sales
2022,801518051.6050093,PRY,The amount of drugs seized in kilograms multiplied by the drug price in kilograms. Excludes all seizures not measured in grams or kilograms.,Monetary losses (in USD) to drug sales
2020,23356291.589025434,PER,The amount of drugs seized in kilograms multiplied by the drug price in kilograms. Excludes all seizures not measured in grams or kilograms.,Monetary losses (in USD) to drug sales
2021,52413200.0,PER,The amount of drugs seized in kilograms multiplied by the drug price in kilograms. Excludes all seizures not measured in grams or kilograms.,Monetary losses (in USD) to drug sales
2020,3572282.3453400102,PHL,The amount of drugs seized in kilograms multiplied by the drug price in kilograms. Excludes all seizures not measured in grams or kilograms.,Monetary losses (in USD) to drug sales
2021,0.0,PHL,The amount of drugs seized in kilograms multiplied by the drug price in kilograms. Excludes all seizures not measured in grams or kilograms.,Monetary losses (in USD) to drug sales
2020,485679955.9539053,POL,The amount of drugs seized in kilograms multiplied by the drug price in kilograms. Excludes all seizures not measured in grams or kilograms.,Monetary losses (in USD) to drug sales
2021,409968332.00103956,POL,The amount of drugs seized in kilograms multiplied by the drug price in kilograms. Excludes all seizures not measured in grams or kilograms.,Monetary losses (in USD) to drug sales
2022,127327576.94651684,POL,The amount of drugs seized in kilograms multiplied by the drug price in kilograms. Excludes all seizures not measured in grams or kilograms.,Monetary losses (in USD) to drug sales
2020,916822924.1189932,PRT,The amount of drugs seized in kilograms multiplied by the drug price in kilograms. Excludes all seizures not measured in grams or kilograms.,Monetary losses (in USD) to drug sales
2021,500427553.7959668,PRT,The amount of drugs seized in kilograms multiplied by the drug price in kilograms. Excludes all seizures not measured in grams or kilograms.,Monetary losses (in USD) to drug sales
2022,628809294.9367757,PRT,The amount of drugs seized in kilograms multiplied by the drug price in kilograms. Excludes all seizures not measured in grams or kilograms.,Monetary losses (in USD) to drug sales
2020,2906442.2028353326,QAT,The amount of drugs seized in kilograms multiplied by the drug price in kilograms. Excludes all seizures not measured in grams or kilograms.,Monetary losses (in USD) to drug sales
2020,4360938.8774361545,KOR,The amount of drugs seized in kilograms multiplied by the drug price in kilograms. Excludes all seizures not measured in grams or kilograms.,Monetary losses (in USD) to drug sales
2021,10270800.249391887,KOR,The amount of drugs seized in kilograms multiplied by the drug price in kilograms. Excludes all seizures not measured in grams or kilograms.,Monetary losses (in USD) to drug sales
2022,30270069.900000002,KOR,The amount of drugs seized in kilograms multiplied by the drug price in kilograms. Excludes all seizures not measured in grams or kilograms.,Monetary losses (in USD) to drug sales
2020,22105.263157894737,MDA,The amount of drugs seized in kilograms multiplied by the drug price in kilograms. Excludes all seizures not measured in grams or kilograms.,Monetary losses (in USD) to drug sales
2021,90960.85409252669,MDA,The amount of drugs seized in kilograms multiplied by the drug price in kilograms. Excludes all seizures not measured in grams or kilograms.,Monetary losses (in USD) to drug sales
2022,38345.62697576396,MDA,The amount of drugs seized in kilograms multiplied by the drug price in kilograms. Excludes all seizures not measured in grams or kilograms.,Monetary losses (in USD) to drug sales
2020,49362092.54004577,ROU,The amount of drugs seized in kilograms multiplied by the drug price in kilograms. Excludes all seizures not measured in grams or kilograms.,Monetary losses (in USD) to drug sales
2022,22062376.059009485,ROU,The amount of drugs seized in kilograms multiplied by the drug price in kilograms. Excludes all seizures not measured in grams or kilograms.,Monetary losses (in USD) to drug sales
2020,406493552.3134298,RUS,The amount of drugs seized in kilograms multiplied by the drug price in kilograms. Excludes all seizures not measured in grams or kilograms.,Monetary losses (in USD) to drug sales
2020,902661148.1086841,SAU,The amount of drugs seized in kilograms multiplied by the drug price in kilograms. Excludes all seizures not measured in grams or kilograms.,Monetary losses (in USD) to drug sales
2021,140601787.6044788,SAU,The amount of drugs seized in kilograms multiplied by the drug price in kilograms. Excludes all seizures not measured in grams or kilograms.,Monetary losses (in USD) to drug sales
2022,17175874.21516993,SEN,The amount of drugs seized in kilograms multiplied by the drug price in kilograms. Excludes all seizures not measured in grams or kilograms.,Monetary losses (in USD) to drug sales
2020,1933638.4439359268,SRB,The amount of drugs seized in kilograms multiplied by the drug price in kilograms. Excludes all seizures not measured in grams or kilograms.,Monetary losses (in USD) to drug sales
2021,0.0,SRB,The amount of drugs seized in kilograms multiplied by the drug price in kilograms. Excludes all seizures not measured in grams or kilograms.,Monetary losses (in USD) to drug sales
2022,0.0,SRB,The amount of drugs seized in kilograms multiplied by the drug price in kilograms. Excludes all seizures not measured in grams or kilograms.,Monetary losses (in USD) to drug sales
2020,3331023.222060959,SGP,The amount of drugs seized in kilograms multiplied by the drug price in kilograms. Excludes all seizures not measured in grams or kilograms.,Monetary losses (in USD) to drug sales
2021,702015.2757078985,SGP,The amount of drugs seized in kilograms multiplied by the drug price in kilograms. Excludes all seizures not measured in grams or kilograms.,Monetary losses (in USD) to drug sales
2022,3621293.1472081216,SGP,The amount of drugs seized in kilograms multiplied by the drug price in kilograms. Excludes all seizures not measured in grams or kilograms.,Monetary losses (in USD) to drug sales
2020,18198.512585812357,SVK,The amount of drugs seized in kilograms multiplied by the drug price in kilograms. Excludes all seizures not measured in grams or kilograms.,Monetary losses (in USD) to drug sales
2021,2172680.9015421113,SVK,The amount of drugs seized in kilograms multiplied by the drug price in kilograms. Excludes all seizures not measured in grams or kilograms.,Monetary losses (in USD) to drug sales
2022,1767812.455216017,SVK,The amount of drugs seized in kilograms multiplied by the drug price in kilograms. Excludes all seizures not measured in grams or kilograms.,Monetary losses (in USD) to drug sales
2020,11800216.075514873,SVN,The amount of drugs seized in kilograms multiplied by the drug price in kilograms. Excludes all seizures not measured in grams or kilograms.,Monetary losses (in USD) to drug sales
2021,123162652.1945433,SVN,The amount of drugs seized in kilograms multiplied by the drug price in kilograms. Excludes all seizures not measured in grams or kilograms.,Monetary losses (in USD) to drug sales
2022,75876226.13277134,SVN,The amount of drugs seized in kilograms multiplied by the drug price in kilograms. Excludes all seizures not measured in grams or kilograms.,Monetary losses (in USD) to drug sales
2020,4497579949.656751,ESP,The amount of drugs seized in kilograms multiplied by the drug price in kilograms. Excludes all seizures not measured in grams or kilograms.,Monetary losses (in USD) to drug sales
2021,1884019154.4673784,ESP,The amount of drugs seized in kilograms multiplied by the drug price in kilograms. Excludes all seizures not measured in grams or kilograms.,Monetary losses (in USD) to drug sales
2022,1007954204.3224447,ESP,The amount of drugs seized in kilograms multiplied by the drug price in kilograms. Excludes all seizures not measured in grams or kilograms.,Monetary losses (in USD) to drug sales
2021,2217025.1800204,LKA,The amount of drugs seized in kilograms multiplied by the drug price in kilograms. Excludes all seizures not measured in grams or kilograms.,Monetary losses (in USD) to drug sales
2022,802360665.8123345,LKA,The amount of drugs seized in kilograms multiplied by the drug price in kilograms. Excludes all seizures not measured in grams or kilograms.,Monetary losses (in USD) to drug sales
2020,2306249.848,PSE,The amount of drugs seized in kilograms multiplied by the drug price in kilograms. Excludes all seizures not measured in grams or kilograms.,Monetary losses (in USD) to drug sales
2021,547315.0,PSE,The amount of drugs seized in kilograms multiplied by the drug price in kilograms. Excludes all seizures not measured in grams or kilograms.,Monetary losses (in USD) to drug sales
2020,187034818.4098593,SWE,The amount of drugs seized in kilograms multiplied by the drug price in kilograms. Excludes all seizures not measured in grams or kilograms.,Monetary losses (in USD) to drug sales
2021,194180435.24043524,SWE,The amount of drugs seized in kilograms multiplied by the drug price in kilograms. Excludes all seizures not measured in grams or kilograms.,Monetary losses (in USD) to drug sales
2022,253251243.34128404,SWE,The amount of drugs seized in kilograms multiplied by the drug price in kilograms. Excludes all seizures not measured in grams or kilograms.,Monetary losses (in USD) to drug sales
2021,1943044.0,SYR,The amount of drugs seized in kilograms multiplied by the drug price in kilograms. Excludes all seizures not measured in grams or kilograms.,Monetary losses (in USD) to drug sales
2022,952036.0,SYR,The amount of drugs seized in kilograms multiplied by the drug price in kilograms. Excludes all seizures not measured in grams or kilograms.,Monetary losses (in USD) to drug sales
2020,1683571.2000000002,TJK,The amount of drugs seized in kilograms multiplied by the drug price in kilograms. Excludes all seizures not measured in grams or kilograms.,Monetary losses (in USD) to drug sales
2021,27839941.8,TJK,The amount of drugs seized in kilograms multiplied by the drug price in kilograms. Excludes all seizures not measured in grams or kilograms.,Monetary losses (in USD) to drug sales
2022,18283019.4,TJK,The amount of drugs seized in kilograms multiplied by the drug price in kilograms. Excludes all seizures not measured in grams or kilograms.,Monetary losses (in USD) to drug sales
2020,0.0,THA,The amount of drugs seized in kilograms multiplied by the drug price in kilograms. Excludes all seizures not measured in grams or kilograms.,Monetary losses (in USD) to drug sales
2021,45492471.9030577,THA,The amount of drugs seized in kilograms multiplied by the drug price in kilograms. Excludes all seizures not measured in grams or kilograms.,Monetary losses (in USD) to drug sales
2022,13948753.959866008,THA,The amount of drugs seized in kilograms multiplied by the drug price in kilograms. Excludes all seizures not measured in grams or kilograms.,Monetary losses (in USD) to drug sales
2022,386020.87073774426,TGO,The amount of drugs seized in kilograms multiplied by the drug price in kilograms. Excludes all seizures not measured in grams or kilograms.,Monetary losses (in USD) to drug sales
2021,66471292.61784761,TTO,The amount of drugs seized in kilograms multiplied by the drug price in kilograms. Excludes all seizures not measured in grams or kilograms.,Monetary losses (in USD) to drug sales
2022,2126341.2322274884,TTO,The amount of drugs seized in kilograms multiplied by the drug price in kilograms. Excludes all seizures not measured in grams or kilograms.,Monetary losses (in USD) to drug sales
2021,4234370.477568742,TUN,The amount of drugs seized in kilograms multiplied by the drug price in kilograms. Excludes all seizures not measured in grams or kilograms.,Monetary losses (in USD) to drug sales
2020,381776170.99322796,TUR,The amount of drugs seized in kilograms multiplied by the drug price in kilograms. Excludes all seizures not measured in grams or kilograms.,Monetary losses (in USD) to drug sales
2021,948128113.8790036,TUR,The amount of drugs seized in kilograms multiplied by the drug price in kilograms. Excludes all seizures not measured in grams or kilograms.,Monetary losses (in USD) to drug sales
2022,105271463.41463415,TUR,The amount of drugs seized in kilograms multiplied by the drug price in kilograms. Excludes all seizures not measured in grams or kilograms.,Monetary losses (in USD) to drug sales
2020,41900942.36248083,UKR,The amount of drugs seized in kilograms multiplied by the drug price in kilograms. Excludes all seizures not measured in grams or kilograms.,Monetary losses (in USD) to drug sales
2021,0.0,UKR,The amount of drugs seized in kilograms multiplied by the drug price in kilograms. Excludes all seizures not measured in grams or kilograms.,Monetary losses (in USD) to drug sales
2022,11194149.425993001,UKR,The amount of drugs seized in kilograms multiplied by the drug price in kilograms. Excludes all seizures not measured in grams or kilograms.,Monetary losses (in USD) to drug sales
2020,76027290.61530085,ARE,The amount of drugs seized in kilograms multiplied by the drug price in kilograms. Excludes all seizures not measured in grams or kilograms.,Monetary losses (in USD) to drug sales
2021,269260011.5028587,ARE,The amount of drugs seized in kilograms multiplied by the drug price in kilograms. Excludes all seizures not measured in grams or kilograms.,Monetary losses (in USD) to drug sales
2022,166943422.893003,ARE,The amount of drugs seized in kilograms multiplied by the drug price in kilograms. Excludes all seizures not measured in grams or kilograms.,Monetary losses (in USD) to drug sales
2020,2126727506.4267354,GBR,The amount of drugs seized in kilograms multiplied by the drug price in kilograms. Excludes all seizures not measured in grams or kilograms.,Monetary losses (in USD) to drug sales
2021,2005995883.4938102,GBR,The amount of drugs seized in kilograms multiplied by the drug price in kilograms. Excludes all seizures not measured in grams or kilograms.,Monetary losses (in USD) to drug sales
2022,1085269419.0358467,GBR,The amount of drugs seized in kilograms multiplied by the drug price in kilograms. Excludes all seizures not measured in grams or kilograms.,Monetary losses (in USD) to drug sales
2021,607252308.17,USA,The amount of drugs seized in kilograms multiplied by the drug price in kilograms. Excludes all seizures not measured in grams or kilograms.,Monetary losses (in USD) to drug sales
2020,23873669.270584866,URY,The amount of drugs seized in kilograms multiplied by the drug price in kilograms. Excludes all seizures not measured in grams or kilograms.,Monetary losses (in USD) to drug sales
2021,24641693.468150582,URY,The amount of drugs seized in kilograms multiplied by the drug price in kilograms. Excludes all seizures not measured in grams or kilograms.,Monetary losses (in USD) to drug sales
2022,0.0,URY,The amount of drugs seized in kilograms multiplied by the drug price in kilograms. Excludes all seizures not measured in grams or kilograms.,Monetary losses (in USD) to drug sales
2021,88025698.0,UZB,The amount of drugs seized in kilograms multiplied by the drug price in kilograms. Excludes all seizures not measured in grams or kilograms.,Monetary losses (in USD) to drug sales
2022,0.0,UZB,The amount of drugs seized in kilograms multiplied by the drug price in kilograms. Excludes all seizures not measured in grams or kilograms.,Monetary losses (in USD) to drug sales
2020,7738.1630502450325,ZMB,The amount of drugs seized in kilograms multiplied by the drug price in kilograms. Excludes all seizures not measured in grams or kilograms.,Monetary losses (in USD) to drug sales
2021,190528.56001597765,ZMB,The amount of drugs seized in kilograms multiplied by the drug price in kilograms. Excludes all seizures not measured in grams or kilograms.,Monetary losses (in USD) to drug sales
2022,412985061.55303025,ZMB,The amount of drugs seized in kilograms multiplied by the drug price in kilograms. Excludes all seizures not measured in grams or kilograms.,Monetary losses (in USD) to drug sales
2020,13650.0,ZWE,The amount of drugs seized in kilograms multiplied by the drug price in kilograms. Excludes all seizures not measured in grams or kilograms.,Monetary losses (in USD) to drug sales
